CustomerID,CustomerName,CustomerAddress,City,Region,CustomerPhone,CustomerEmail
82c279b2-980e-4b9b-8925-4ca9536de679,Arthur Bernard,"boulevard de Pelletier
91749 Martineau-sur-Labbé",Mathieuboeuf,Région du Nord,+33 4 56 22 02 79,leroyjules@example.org
f562b29c-4571-4bb0-977e-c49d44b55303,Pénélope Tanguy,"30, rue Faivre
45242 Bonneauboeuf",Sainte Julie,Région du Littoral,04 71 59 11 49,martythibault@example.org
8f320f85-1fa1-4c18-aa2c-de2163734697,René Paul,"5, rue Rey
26735 Lamy-sur-Mer",Saint Charles,Région de l'Adamaoua,+33 3 27 24 38 96,laurentblanchet@example.org
5cc1e4fe-8b0f-463e-895f-3e20a1f3deef,Éléonore Renaud,"11, rue Pires
87853 Gauthierboeuf",Leducnec,Région du Nord,+33 (0)4 30 83 37 25,penelope85@example.org
e5f0bfd0-080d-4526-8f3b-506fce303007,Gabriel Bourdon,"762, avenue Lucie Techer
25842 Saint Louisedan",RivièreBourg,Région du Centre,+33 2 46 53 90 09,davidjacob@example.org
441fce5e-384b-460a-9c8f-3ebb2f0c53da,Michel du Denis,"32, rue Julie Delattre
16273 Parisdan",Maillet,Région de l'Est,+33 (0)1 78 70 41 76,audrey53@example.org
d56762ca-d04d-4766-9d76-6f93bf8f1675,Denis de Guérin,"343, avenue Christine Boulay
16050 Lacombe-la-Forêt",Dupuydan,Région du Nord,+33 2 53 43 51 79,margot61@example.com
2c2fc177-644d-4b52-97a8-0ab1cf4df437,Renée Blondel,"85, avenue de Mallet
62748 Techer",Saint Xavier,Région du Nord,04 32 10 41 74,uleger@example.net
a36afaa6-1b91-478e-834c-4dbfb8d6a7d7,Luce Moreno,"758, chemin Fleury
15159 Le Goff",Sainte Marguerite,Région du Centre,0146227647,gerarddos-santos@example.net
403624eb-16c9-4361-83b7-9cee3f57833c,Lucy Millet Le Marty,"95, rue Lucie Blondel
78446 Morvan",Sainte Jeannine,Région de l'Adamaoua,02 45 87 63 05,wmarie@example.org
2c007f54-e69b-4a8b-93e6-684743ecd45b,Agnès Martineau,"23, boulevard Valérie Morvan
24410 Saint Bernadette-les-Bains",Toussaint-sur-Moreau,Région de l'Extrême-Nord,0363288763,qbazin@example.net
9e17dd06-ccff-4c10-aec8-86d9afb02bdc,Aurélie Ribeiro,"85, chemin Philippe Millet
03041 BarreBourg",Charrier-les-Bains,Région du Centre,+33 (0)5 49 00 74 23,de-sousaaimee@example.net
a0305e9e-f48c-474c-aa67-67db9850dc72,Julien-Auguste Lacroix,"555, rue Pelletier
06942 Saint Jacques",Aubry,Région de l'Adamaoua,0156627930,moulinrenee@example.com
87fdd9b3-8254-40d1-8521-707fa615773b,Amélie Marchand-Lesage,"7, chemin de Ledoux
52012 Chevalierdan",Baron,Région de l'Adamaoua,0532883452,sguichard@example.net
64ecdc88-c9a1-4ec3-b21b-8726e3ddeff3,Benoît Pineau,"rue Adrienne Lesage
47175 Neveu-sur-Mer",Sainte Gilles,Région de l'Adamaoua,+33 3 64 13 84 08,frederiquegonzalez@example.com
fbbeb9e7-cf3b-40b6-a660-f5adc24b8a80,Inès Fernandez,"5, rue Lagarde
04717 Morelboeuf",Leroux-sur-Hoareau,Région du Nord-Ouest,+33 2 44 93 86 74,bessonadelaide@example.com
a44e39f3-67d0-4d80-8b3f-4d8b4df518b8,Suzanne Leclerc,"chemin Normand
41045 Sainte JeannineVille",Brun,Région du Nord-Ouest,0383084969,leon44@example.net
824315bc-ef54-4f0b-aa04-114a1a69904c,Manon Chevalier,"avenue Lambert
18833 Briandboeuf",Saint Clémencenec,Région du Littoral,+33 1 58 11 92 78,laure16@example.com
a8f454c7-399a-44b2-87b0-bea3e37e9f62,Clémence Dumas,"chemin de Marty
42070 Sainte Michelle",Rousseau,Région du Nord,+33 2 31 07 37 60,hugueslaroche@example.com
78576f9a-5a38-4303-b4e8-4860262bdbb1,Josette Dupré,"94, avenue Ramos
18222 Brunel",Lecomte,Région du Nord,0177246960,etoussaint@example.net
1e6af49a-f7c6-4c6d-8551-203c7b59ec6f,Juliette Marques,"509, rue Vallet
03576 Raynaudboeuf",Faivre,Région de l'Ouest,0257085603,thibault89@example.org
2a19d8bc-2ac7-4905-91f5-72f227ffff7f,Alphonse Coste,"1, rue Luce Blin
76324 Fontaine",RodriguezVille,Région du Centre,01 40 69 40 04,bernadette76@example.com
4643aa4e-620e-4004-b542-9b09a2e48e31,François Daniel,"99, chemin de Godard
54521 Jean",Bruneau-sur-Vallet,Région du Centre,0463942165,nleconte@example.net
33bc97f3-5ce1-43b7-ba5b-65e0297d07d1,Louise Michaud,"38, rue de Charrier
21399 Sainte Lorrainenec",LebretonVille,Région de l'Adamaoua,0361547240,de-oliveiraclaude@example.net
874e4c99-4491-4222-b346-c39513204676,Sylvie Delorme de Leclercq,"44, boulevard de Allain
81064 Lejeune",Sainte Grégoire-sur-Mer,Région de l'Adamaoua,+33 5 67 77 51 30,louispelletier@example.org
fe6f7577-882f-47c1-af0e-c3d06d7f8e61,Alphonse de Leleu,"98, boulevard Blin
54979 Saint Nicolas-sur-Mer",Chauvin,Région du Littoral,+33 (0)1 41 88 00 07,slemaitre@example.com
16777e85-e51b-498d-8775-897234cb1be3,Margot Le Payet,"59, avenue Poulain
61500 Hamel",Saint Anne,Région du Centre,+33 (0)1 55 21 02 76,jdijoux@example.net
566da990-e841-4183-9aef-939ff00fb261,Valérie Dos Santos,"2, avenue Menard
70631 Bodin",Menard-sur-Mer,Région du Littoral,0299520382,williamdupuy@example.org
7274169b-e5b8-402a-8454-0c86af245b78,Alex de la Moreno,"88, rue Rousseau
64093 Jean",Michel,Région de l'Est,+33 (0)1 45 36 55 54,frederic88@example.net
3c1cfa04-7d8e-4dfa-bca6-a59c40e1ca98,Valentine Duhamel,"40, boulevard Simon
54542 WeissVille",Deschamps-les-Bains,Région du Nord,0582967791,monnierjean@example.com
c244e9d8-db16-4c3a-8789-f7b208a4fe76,Thierry Morel,"14, rue Charles Lévy
30821 Peltier",Bouchet-sur-Lecomte,Région du Littoral,0438496767,catherine37@example.com
5e083b58-4f18-4c3b-852b-6da5b4158a65,Thierry Morin,"81, chemin Nicolas Ollivier
68194 Sainte Claire",Pottierboeuf,Région de l'Ouest,0230495318,patriciamallet@example.org
9f7ae626-4bd7-402f-854e-fcc419673fb1,Denise Hamon de Maury,"958, boulevard de Pinto
02753 GautierVille",Cordier-sur-Vallet,Région du Nord-Ouest,+33 2 53 37 53 01,courtoislaetitia@example.org
09136a89-54ff-444d-a1e5-6f55679af7f7,Virginie Prévost,"avenue Alain Thomas
94023 Mace",Leclercq,Région de l'Est,05 16 72 70 51,lecontedorothee@example.net
27ae5085-11da-43d0-bf99-1c33860ea7c0,Sabine-Alex Weber,"36, avenue Simone Guillot
82580 Antoine-la-Forêt",FournierBourg,Région du Nord-Ouest,01 76 29 01 26,pichonrichard@example.com
33904906-52eb-4884-add8-f7dd2ee05db1,Georges Poulain-Leblanc,"boulevard de Bousquet
72254 Gimenez",Laurent,Région de l'Ouest,+33 5 53 07 11 10,jeanneberger@example.org
ada0eb9b-b543-485a-a8e5-250a77cae0b8,Maggie Raynaud,"29, rue de Hamel
52765 Chevalier",DavidBourg,Région de l'Adamaoua,+33 4 89 55 01 81,mullerfrederic@example.org
46277009-37bc-4760-b08d-781df81364f4,Maggie Hubert de la Laroche,"2, chemin Gérard Lombard
36072 Chauvin-sur-Picard",Perrierdan,Région de l'Ouest,+33 4 73 70 21 60,bousquetagathe@example.org
7c3a8fe1-3321-44dc-ace6-cb8365221766,Jérôme Ribeiro de la Lenoir,"197, rue Frédéric Schneider
08619 Saint Mathilde",Saint Éléonore,Région de l'Adamaoua,01 64 59 25 24,noelfrancois@example.org
e5707aa6-794d-4b94-840c-8481e72681e7,Édouard Duval,"64, rue Josette Chrétien
83514 Wagner",Sainte Gabrielledan,Région du Nord-Ouest,0473781051,zmillet@example.org
7c755110-7d2e-4977-a505-0a5fef019df0,Nathalie-Bernadette Marion,"423, rue Fernandes
93587 GrosVille",Lesage,Région du Nord,0262956866,renaudroger@example.org
56685599-bd3e-44c1-8be4-0ab1fbc82f4c,Sébastien Hoareau,"chemin Raymond Petitjean
28668 Jacob",Saint NoémiBourg,Région du Nord,+33 2 62 48 05 25,plemaire@example.org
91f97bc2-eb5e-4253-aa03-0569955be6bf,Patrick Allain-Maury,"rue de Evrard
54758 Nguyen",Marin-sur-Dupuis,Région du Littoral,+33 2 48 40 78 19,guillonagathe@example.net
70324a91-a50c-432b-bdd7-88521f455cd3,Nath Renard,"93, boulevard Alix Guichard
76870 Picard",Ollivier,Région de l'Est,+33 (0)2 34 27 36 18,legerlouis@example.net
5381b667-849e-44b7-bc67-11bb494c2fd9,Brigitte Fleury-Julien,"82, rue Anouk Thomas
95809 Dijoux",Michaud,Région de l'Adamaoua,+33 (0)4 95 58 53 75,wgarcia@example.net
50e0215b-4c1d-4fcf-912b-7b46caf6fe53,David Lebrun,"91, rue Lucas Lacroix
60735 Sauvage-la-Forêt",Rodriguez,Région du Nord-Ouest,+33 (0)5 49 79 53 00,tdidier@example.net
2c2247df-0078-4c07-affe-a226c55db6ab,Brigitte Georges-Alves,"92, boulevard Diallo
91988 GuillonVille",Sainte Anouk-les-Bains,Région du Nord,05 82 31 04 24,umenard@example.org
5f73717d-3da3-49e5-a15c-8775979169e5,Alice de Roussel,"6, avenue de Benoit
82919 Mendèsnec",Sainte Caroline-la-Forêt,Région du Littoral,0142670073,petitclaudine@example.org
a0db42a5-4031-4e4d-86a7-31673906cd69,Michel du Adam,"54, rue Carpentier
13161 Chrétien",Gayboeuf,Région de l'Ouest,03 60 55 09 86,dnoel@example.org
2ca2a5bf-4a99-4db3-a8ca-884367634cee,Colette Sanchez,"boulevard Berthelot
28923 Laurent",Saint Marie-la-Forêt,Région du Littoral,+33 3 84 80 74 02,marie45@example.org
0b71082d-65a2-4cbb-937e-e9c53bd0528d,Agathe Lamy,"90, rue Antoine Samson
15177 Gimenez-la-Forêt",Dupré,Région de l'Est,02 56 32 75 47,mathildeperrier@example.com
94319496-cab5-4d03-8f53-f7ceb574471a,Martin Courtois du Le Roux,"972, rue Duval
50174 BruneauBourg",Guyot,Région de l'Est,0230711547,lefevremarine@example.com
7f5677ed-6bd5-4315-a31e-3f406f8cfff8,Margaux Dupuis de la Delmas,"24, rue de Aubert
80766 Blot-sur-Lopes",Perrier,Région du Centre,+33 (0)2 48 89 44 00,guillaume95@example.org
55f9fc40-b5c3-449d-8e97-f4975d010ec3,Simone Le Bertrand,"chemin de Bruneau
84268 Guichard",Cousin,Région de l'Adamaoua,0247445281,obaudry@example.com
72e7a662-2c27-435d-886c-351297ff4b54,Denis Traore,"7, rue de Guérin
29929 Thierry",Meunier-la-Forêt,Région du Centre,04 11 36 11 50,victoirevasseur@example.com
5c7d9fba-ef5d-4f16-80e6-70f8bb03d000,Céline Morel,"2, avenue Cécile Roger
26862 Gonzalez",Duhamel-sur-Vaillant,Région de l'Extrême-Nord,+33 2 99 94 17 59,victor17@example.net
ccba2ac4-9608-41f4-8058-2c7d80b4257f,Nathalie Bernier Le Allard,"19, boulevard Nathalie Gautier
12414 Garnier-la-Forêt",Salmondan,Région de l'Adamaoua,+33 1 39 28 40 93,jeanne92@example.com
44765dc9-d270-476e-a3b7-cb18eb2cad4c,Étienne Julien,"137, avenue Labbé
55802 Lelièvre",Bigot,Région de l'Est,03 81 68 32 24,navarroadele@example.net
4b5a41f5-5f1c-4b51-80aa-100f4dc4f531,André Wagner,"59, boulevard Charrier
81653 CourtoisVille",Camus,Région de l'Est,05 24 60 88 97,constance92@example.net
5690195b-576d-49d6-a225-3b8e6e612f40,Odette Le Loiseau,"400, rue Lopes
92799 Vasseur-sur-Valentin",Collet,Région de l'Est,03 72 75 73 37,margotvaillant@example.net
e046b48e-af38-4acb-99ac-3166d689c4c4,Adèle Guillon,"53, rue Matthieu Martinez
53279 Leduc",Albert,Région de l'Ouest,+33 (0)2 97 05 93 72,madeleine27@example.net
fce0d70f-e938-45ea-a1ff-74ae12dfeb4a,Daniel Peltier,"399, rue Gautier
31714 Martin-les-Bains",Hamel,Région du Nord,+33 (0)4 80 70 58 05,luciepicard@example.com
deb6b7c4-3534-4889-be9a-ef356ce8d094,Richard du Delorme,"16, chemin Joly
39401 Brun",Saint Jérôme-les-Bains,Région de l'Ouest,0245222081,andreemonnier@example.net
09915c80-f14c-49da-9317-9a75e692d25b,Camille Vallée,"94, boulevard Thierry Fontaine
33694 Sainte Gérard",Gros-sur-Lecomte,Région du Nord-Ouest,04 37 20 34 28,chevalliertimothee@example.net
d5173194-59a9-4ad2-970b-dabb6b2fc06f,Lucie Fleury,"64, boulevard Gros
37697 Simon-sur-Mer",Cohen,Région de l'Est,+33 4 27 30 90 00,jguerin@example.org
3eba6201-6182-4fd6-b85e-fc165231a318,Luc Ramos,"18, chemin Éric Durand
59192 Bigot-sur-Blondel",Sainte Emmanuelledan,Région du Nord,+33 2 43 96 58 90,wduval@example.net
885f12b3-1ee6-46cc-aa22-a56719944932,André-Noël Morin,"rue Da Silva
64458 Saint Colettenec",Delahayenec,Région de l'Extrême-Nord,03 57 22 55 13,ncordier@example.org
2c99ee5c-3ea8-4ce9-9728-a29a7797c173,Pauline Guyot,"154, rue Jacqueline Lopes
44948 BenoitBourg",Pereira,Région de l'Ouest,+33 (0)1 81 00 94 55,urodriguez@example.net
12a72be3-e288-4a95-ae2e-482ba4bc39a2,Michèle Chrétien-Laurent,"57, rue de Giraud
42894 Sainte Henriettedan",Duhamel,Région du Littoral,0483662585,allainmargaud@example.org
d7b141f6-91d7-4fb3-a31b-49c74090f95f,Émilie Allain Le Rousset,"rue Manon Peltier
26728 Nicolas-la-Forêt",Faivre,Région du Centre,0218294438,ptorres@example.com
fd771aa0-08a9-4109-8794-dd5059e1fc96,Alice du Dubois,"20, avenue Margaux Lejeune
96735 Laine",Clerc,Région du Nord,+33 (0)4 80 97 13 38,penelopebecker@example.com
3b5b9654-a702-47f2-9980-e6cb37cee6a6,Dorothée Ollivier,"3, avenue Guillet
57429 Ledoux",Leduc,Région de l'Adamaoua,0364400956,micheldenis@example.com
206f625f-4a3a-4d92-9955-5445902092cb,Frédéric Berger,"7, boulevard Christiane Faure
10488 ValletBourg",Parentdan,Région du Nord-Ouest,+33 3 67 27 88 17,josephgarnier@example.com
838b290c-3953-4100-a7fa-5c31fc716425,Guy Faivre,"37, boulevard Paulette Meyer
71569 Sainte Olivier",Hernandeznec,Région du Littoral,01 46 53 94 61,marinelaporte@example.org
cfaf70f7-fe32-4497-ae8a-0c884cef6ce5,Louise Guillet-Pruvost,"23, avenue Marques
03037 Brunnec",Rey,Région de l'Adamaoua,+33 3 69 52 45 42,costathierry@example.com
17d45fc5-e55f-4e8e-8f6f-cca2ebfc35de,Théophile Brun,"rue Mathieu
30022 Maillet",Saint Aimée,Région de l'Est,+33 (0)1 53 07 41 22,astridmaillard@example.org
1f102755-2137-42f4-bff4-fdb9a0e4d3b7,Chantal Briand,"boulevard de Bazin
10530 Pinto",Baronnec,Région de l'Extrême-Nord,+33 3 24 64 38 90,rpons@example.org
c81d8abb-839d-4249-94b7-b39ccef43aef,Christophe Renard de la Costa,"73, chemin Margaud Clément
71679 JacobBourg",Laporte,Région du Littoral,+33 3 86 24 69 11,bonnettheophile@example.org
2593e075-b394-4e7b-b9cd-a1d5887ef8b8,Benoît Guillet,"298, rue Éric Hebert
57456 DescampsBourg",Masson,Région du Nord,05 96 24 69 69,uteixeira@example.org
8b00cf85-a725-4278-a108-17e98980832e,Émile Ferreira du Leclerc,"75, chemin Caron
61694 Hamon",Dupuis-sur-Buisson,Région du Littoral,+33 4 87 17 72 02,mmoulin@example.org
63e6fad4-2bc4-4a27-b433-5c9545c8bc3f,Claudine Courtois du Chevalier,"rue Robin
15630 Voisin",Seguin,Région de l'Extrême-Nord,+33 (0)1 78 63 78 53,mmoreau@example.net
5269a6d9-4690-411d-bd50-ae330c8809b8,Marguerite Morvan,"622, boulevard Hamon
01558 Sainte SuzanneVille",Besnard,Région du Centre,0579388217,laurence19@example.com
ba8d5bc8-fd2f-4b96-be47-61ecb7704f18,Corinne Hubert,"8, rue Boyer
86800 Cohen-les-Bains",Sainte Théophile,Région de l'Ouest,03 62 88 42 46,gmendes@example.com
f07cb155-26ec-44d6-aef2-0d0b568cdf5f,Christelle de Lefebvre,"214, boulevard Camille Delahaye
48349 PonsBourg",Denis-sur-Maillard,Région du Nord-Ouest,+33 2 44 12 57 01,gregoire90@example.com
0b860710-ab51-4992-a4a4-a13af167cb16,Noémi Carlier,"36, boulevard Virginie Ferreira
54691 MorvanBourg",Saint Louisboeuf,Région de l'Est,03 75 06 63 40,eugene59@example.org
dbaa2b33-8ed7-465b-aca1-666dcfa40235,André Boucher,"45, rue de Berger
22051 Mahe",Blancdan,Région de l'Adamaoua,01 76 44 00 83,valerie13@example.net
8559b35a-155c-4e0c-b617-a4716675f731,Aurore Gaudin,"93, boulevard Brigitte Delannoy
24188 Lagarde",Teixeira-les-Bains,Région de l'Extrême-Nord,+33 5 36 15 34 89,morenoelisabeth@example.net
68065c43-55bf-4a72-b5b9-9f7dec9fe266,Sébastien-Georges Baron,"785, boulevard Juliette Lefort
46848 Picard-sur-Gomez",Saint Roger,Région du Centre,+33 4 85 10 94 81,rousselaugustin@example.net
9263dffb-a920-4d09-a80b-69c53225f626,Gabriel-Jacques Aubry,"839, avenue de Faivre
44592 Sainte Caroline",Jacquet-sur-Millet,Région du Centre,+33 4 99 63 75 61,aubryclaude@example.org
0717d583-5738-430b-b358-99362e2d6b94,Valentine Guillon-Delorme,"50, rue Guillon
71470 Albert",Diaz,Région de l'Adamaoua,0486389799,remy72@example.org
2728243b-b44b-4c3f-b043-c710a74864fd,Étienne Blot du Hoarau,"17, avenue Arnaude Clément
44327 DupontBourg",Saint Margaux,Région de l'Adamaoua,05 94 27 41 32,scaron@example.org
fa9b9df8-5591-4977-b5ba-6e80dd25fa1d,Anne Jean,"3, boulevard de Mendès
28326 Boulay",Carre,Région du Nord,+33 7 14 30 39 06,inesbonnin@example.net
7922e4d0-3c61-43a3-9fc2-0c972e9c761d,Isabelle Lemaire,"52, avenue Pénélope Lebon
32930 Rocher",Grosnec,Région du Nord,04 15 40 13 39,valerierodriguez@example.com
194c6acc-078e-4de5-90c4-18703378c544,Eugène-Noël Dupuy,"637, chemin Laetitia Marie
45154 Guillaume",Charles-sur-Gilles,Région de l'Extrême-Nord,0262708666,vincentleduc@example.org
ce5823d2-0989-4139-aeec-90b4ed032afc,Jules de Collet,"10, rue Letellier
55014 Hubert-sur-Mer",Aubert,Région du Nord,+33 (0)2 31 82 47 27,rousselbenoit@example.net
97e04fae-2770-4bec-ae5f-dd0420f51da1,Marianne Olivier,"22, chemin Durand
27398 Martins-sur-Pierre",Letellier,Région du Nord-Ouest,0141987543,ndurand@example.com
64f77066-8b92-4c21-b762-830529ec0426,Christophe Breton,"boulevard de Pires
82583 Weiss",Bousquet-la-Forêt,Région de l'Extrême-Nord,0565082820,faivrefrederic@example.net
305e7dc7-c2c9-4890-9150-89ef25d6cbf0,Hélène Bertrand,"rue de Gomez
22388 Renaud",Leroux,Région de l'Extrême-Nord,0559494808,marianne81@example.com
c86631ff-10fc-43ee-a8e4-3cdee2fbaee5,Vincent Michel,"585, rue Gilles
15601 Saint SuzanneBourg",Dijoux,Région du Littoral,+33 (0)3 51 86 16 11,emilieloiseau@example.org
2e093cb4-f936-4bfa-9412-211969709de1,Aimé Lacombe,"60, rue Marine Courtois
73150 Julienboeuf",Saint LéonBourg,Région du Nord-Ouest,+33 (0)4 73 14 49 88,danielle99@example.org
6d60541b-918d-49ca-a2a7-d89d755dee8e,Manon Bazin,"24, rue Gomez
42587 Turpin",Fouquet,Région du Littoral,04 44 82 07 63,ollivierfranck@example.net
89de348c-d443-4d02-8c62-b401dc552633,Michelle Marie,"995, rue Peltier
39960 Hubertnec",Fernandes,Région du Nord-Ouest,+33 (0)5 90 21 65 92,tgillet@example.net
4bef5e27-bf31-43e7-b138-7946301a0e61,Margot Delorme,"8, avenue Caroline Diaz
75793 Saint Paulette",Langlois,Région de l'Adamaoua,05 16 09 18 47,ureynaud@example.org
5af8bf31-dbe4-47a1-af3c-540d03e7e365,Agnès Allard Le Peltier,"40, boulevard Édouard Leclercq
07494 Samson",Bigot-sur-Leduc,Région de l'Ouest,0387628109,alixpires@example.com
af8c68ce-bee3-4462-96c8-d0182629b659,Marine Arnaud,"239, rue Charlotte Jacques
12284 Millet-sur-Marchal",Blin-sur-Mer,Région de l'Est,0518556354,diane82@example.com
dd776df3-9f15-4315-abc6-b18469d08c87,Élisabeth Texier-Pasquier,"45, avenue de Gilles
97519 Guibert",Munoz-les-Bains,Région de l'Ouest,+33 4 20 57 24 58,ngautier@example.org
b0fcee67-962d-486c-8e67-3258eaa2ede4,Maggie Prévost,"505, rue Bertrand
64993 Bernard",Imbert,Région de l'Ouest,+33 (0)4 75 49 84 66,anouk35@example.com
4c5bafa0-0ab0-423b-85d4-49fe2c0242b9,Étienne Rousseau,"6, rue de Laurent
29693 LouisBourg",Saint Adrienne,Région du Nord,+33 5 79 52 18 19,blondelarthur@example.net
b1145c4a-3079-46a6-be73-fb0ded669ca5,Alfred Alexandre,"boulevard Renaud
70108 Roussel",Saint Thibault,Région du Centre,+33 5 54 74 94 14,morvanmichele@example.net
a905cb01-fc82-4ff5-aa67-4404e4f4a21d,Paul Pires,"9, avenue Susanne Salmon
42663 Renaultboeuf",Vallée-sur-Mer,Région de l'Adamaoua,+33 3 76 76 57 31,lmoreau@example.com
764e81e6-5222-4b0b-b9d4-2feef180300c,Lucie Le Arnaud,"36, chemin Meyer
26441 Maillard-la-Forêt",BarbeVille,Région du Centre,+33 4 83 87 34 23,zruiz@example.com
894861a7-b9fc-4a12-abf2-8db189eef861,Thomas du Simon,"76, chemin de Dufour
55221 Sainte Sylvie",Leclerc,Région de l'Extrême-Nord,+33 (0)2 72 55 08 30,claude91@example.com
4333987b-d893-4477-a6f6-a4fea5aa7ca0,Julie Dias Le Pons,"chemin David Vasseur
35974 Sainte Denisboeuf",Royer-sur-Sanchez,Région du Centre,03 58 48 53 98,rollanddavid@example.org
8ed4dc3b-d825-408b-ae82-69c2ee7db051,Hortense Charles,"25, boulevard Antoine Guillou
19769 Dupont",Sainte Alex,Région du Nord-Ouest,0139335832,eugene93@example.com
a1117b27-821e-45f8-9c60-dda1ea5bcf12,Anouk Le Dupré,"rue David Loiseau
23236 Sainte Maryse",Grenier,Région du Centre,01 78 20 29 79,kcohen@example.com
a5bd0031-23cd-4c89-a51d-71b6f3792832,Marianne du Chauvin,"16, avenue de Brunet
26451 Sainte Zoé",Fabre,Région du Centre,+33 5 18 61 59 74,jeanaimee@example.org
d019e817-1870-4f63-8d13-6ab57153dad8,Luc du Bègue,"33, rue Julie Pineau
20188 Sainte Laure",Saint Raymond,Région du Nord,+33 (0)4 71 46 85 09,laurentraynaud@example.net
2309683f-9c1f-47fa-8a5f-993b8c7e71f1,Maryse Pruvost,"37, boulevard Claude Rousset
57019 Albertdan",Durand-sur-Mer,Région du Nord-Ouest,0359880031,umerle@example.net
0a20733e-0a54-4283-bb3d-283a443b12f7,Jules du Millet,"62, chemin de Grenier
69807 Bernard",Dupont,Région du Centre,02 47 23 68 74,alfred86@example.org
c9e87e9d-593a-4a53-adb8-aacf4f436bae,Manon Launay de la Lopez,"99, boulevard Inès Salmon
66018 Léger",Buisson,Région du Littoral,0276567953,brigitte74@example.net
26ded164-93b2-4b33-b828-c6826549c2b3,Robert-Vincent Lombard,"76, boulevard Paul
64572 Hoarau",Pasquier-la-Forêt,Région du Nord,+33 3 23 41 37 64,emiliebonnin@example.org
e40a7c66-f32b-46dc-9fd9-22071b5a95eb,Charlotte Berthelot,"5, avenue Frédérique Bertin
35840 Duhamel",Saint Catherineboeuf,Région du Nord-Ouest,0323443721,texiertheophile@example.org
52c134d7-e6ff-49f9-928a-36faff9e8ff5,Hugues Jacques,"725, avenue de Courtois
25742 Thomas-sur-Delaunay",Olivier,Région du Nord-Ouest,0272937481,marianne43@example.org
035184dd-e610-4537-a5c4-04c2df854882,Théodore Morvan,"30, boulevard Thomas Carre
84229 Bouchet-sur-Boyer",Saint Jérômeboeuf,Région du Littoral,+33 1 82 22 23 81,gaillarddavid@example.org
4d5e1b85-f821-4dfb-92c4-9fab4c6ba045,Nath-Anastasie Salmon,"70, rue Pruvost
89532 Saint Aiménec",Meunier,Région de l'Extrême-Nord,+33 (0)4 97 72 60 04,pruvostnicole@example.com
bc976386-6d4e-43ab-beb2-8005c14c865a,Tristan Durand,"297, chemin de Gay
92377 Diaz",Hardy,Région du Littoral,+33 (0)4 82 56 22 00,gabriellegimenez@example.org
0abadc6b-bf0c-4e3b-8db4-30bbb82b5079,Philippine Valentin,"6, rue de Gautier
88093 Sainte Antoinette",Perrot,Région du Nord,+33 4 69 69 00 78,roydorothee@example.net
c3855f78-4a13-4cab-8b2b-bb83b7552b91,Josette Costa,"987, rue Bourdon
15173 Guillonnec",Pottier,Région de l'Adamaoua,+33 4 56 10 44 82,simone84@example.org
075c8b83-dc8b-435e-9375-d315b52860b4,Augustin Muller,"66, chemin Renault
92889 Schmittdan",Saint Émilie,Région de l'Est,+33 (0)4 87 43 87 86,timotheelebreton@example.org
32a696d9-bdef-4632-a65b-d941777f45c9,Anaïs de Guillou,"91, boulevard de Pruvost
57514 Pons",Delorme,Région de l'Adamaoua,+33 (0)4 91 14 46 60,parentchristiane@example.com
b3695df0-e66a-4c10-9d3f-ef6374b3edfa,Constance Le Benoit,"318, chemin Frédéric Jean
93828 Sainte Benjamin-sur-Mer",Rodrigues-la-Forêt,Région de l'Extrême-Nord,04 26 89 88 38,lefebvremargaret@example.net
fde8b749-1267-4291-9f01-9e782e3b2d8b,Gabriel Lambert,"82, rue Bourdon
43903 Saint Grégoire-les-Bains",Saint Margaux,Région du Nord-Ouest,0290852603,mariannelecomte@example.net
e7ebd990-e152-4bbb-8a87-8ca148932807,Alix Gay,"36, chemin Étienne
26509 LelièvreVille",Guyot,Région du Nord-Ouest,+33 (0)4 49 41 55 59,caroline98@example.org
3402a8d7-87e4-48fb-976c-750b5d4e5479,Monique Sanchez,"94, avenue de Klein
73427 Colletnec",Deschamps,Région de l'Extrême-Nord,05 32 44 64 93,theophile39@example.org
da1bb673-c7b7-4396-8c63-af22476bcf22,Françoise Normand,"9, rue Adam
11289 LagardeVille",Denis,Région du Littoral,0465978045,vincentmichaud@example.com
a226bcd7-a863-4d8e-8da9-8135dbfeaa0f,Emmanuelle Petitjean,"chemin Renée Lenoir
15363 Robin",Leclercdan,Région de l'Adamaoua,+33 5 55 87 55 91,sabinelambert@example.com
6ac31e4a-b118-4347-9fe2-22dad56831fa,Étienne Poulain,"435, rue Raymond Mace
75393 Jourdan",Saint Paul-les-Bains,Région de l'Ouest,0143548448,drocher@example.com
d2cd9cce-e4b0-4665-81b4-6ffc285d8aa2,Maurice de Launay,"51, avenue Godard
30606 Saint Jacqueline",Saint Joseph-la-Forêt,Région du Centre,04 86 29 11 17,leclercqantoine@example.net
61bcc8ef-98a7-4746-81a9-6b0538db91a7,Eugène de Martineau,"42, avenue Gérard
04002 Lopes",Sainte Carolinedan,Région de l'Adamaoua,+33 4 76 16 90 54,chamon@example.org
f1ddb9cc-8aab-4902-9105-2a6019c24f5d,Édith Turpin,"76, avenue Matthieu Navarro
85383 Wagner-la-Forêt",Le Gall,Région du Littoral,03 76 03 43 85,amarechal@example.com
7b455bc7-14e5-4873-a717-341ffa7082ea,Valentine Roger,"743, rue Odette Pineau
57967 Bruneau-sur-Ollivier",Jacquot-la-Forêt,Région de l'Est,0563426884,wpascal@example.net
e1022cfd-9916-46cb-9e93-5d97ad1aa9e2,Antoine de la Guillet,"37, chemin de Carlier
30088 BarbierVille",Bourdon,Région du Centre,+33 3 39 09 80 53,weberdenis@example.com
fbfa21df-1264-4065-a75b-e5beb0d68a46,Dominique Tanguy Le Fernandez,"57, boulevard de Rossi
46708 Colas",Noël,Région de l'Est,01 72 91 36 07,guillaume83@example.net
ddbab400-e097-47b1-a447-4efa5882223b,Jeannine Lemaître,"chemin de Auger
45048 Chevallier",De Sousa-sur-Parent,Région du Centre,+33 (0)3 54 78 11 69,lucy89@example.com
479816c6-2c84-406c-81ac-4de203c5278c,Stéphanie Le Goff,"15, boulevard Pereira
77818 Hubert-sur-Chevalier",Sainte Diane,Région de l'Extrême-Nord,+33 3 79 68 73 24,michelerossi@example.com
c9a9c204-ec09-46be-b709-7a57ea3f111c,Raymond Blanc-Lebreton,"76, rue de Marty
15631 Lemonnier",Ollivier,Région de l'Est,+33 (0)5 87 47 77 68,thibaultaurore@example.org
7482f061-b22f-4803-a0ac-3e914ad192ab,Jacques Dias,"45, rue Colette Mendès
99257 Fontaine",Bègue,Région de l'Ouest,05 24 79 34 66,marysechartier@example.net
41e04238-c838-4e1e-a0da-fb0ed95530ab,Marc Hardy,"934, rue Océane Poirier
21210 Saint Gilles-les-Bains",Le Goffnec,Région de l'Adamaoua,+33 4 13 60 12 86,bernadettethierry@example.org
2b156eb4-fb0e-4912-b4c6-131dbbaa0ad0,Adrien Georges,"430, avenue Henriette Marques
93816 Ferrand-sur-Vidal",Sainte Matthieu,Région de l'Adamaoua,02 49 29 56 13,guillaumeemmanuel@example.net
baeb5b9c-484f-4338-9e28-0152c69ca5f6,Benoît Hoareau,"76, avenue Robert Germain
93064 Saint Augustinboeuf",Sainte Martine,Région de l'Ouest,+33 3 56 05 68 85,prevostcharles@example.org
7465457a-c7d5-4224-b489-c8ae3e094bb2,Émile Gillet,"rue Paulette Thomas
30361 Baron",Masson,Région de l'Extrême-Nord,0384653560,haubert@example.net
a0bdc8ae-b515-4386-96e2-773f88a1f9c9,Matthieu du Dijoux,"51, rue Gérard Roger
84724 TeixeiraVille",Carlier-sur-Mer,Région de l'Adamaoua,+33 4 87 46 03 28,nthomas@example.com
8836ae89-2c4c-4349-977b-fbfc1b397387,Catherine Michel-Morin,"28, rue Margot Texier
40897 Gilles-sur-Mer",Guérindan,Région de l'Adamaoua,+33 3 20 11 05 70,upierre@example.com
08cc5ca7-09e2-4f30-a710-22cf10104fa7,Caroline Weber,"rue Pénélope Maillot
44948 Collet-sur-Boucher",MartelBourg,Région de l'Est,01 78 78 00 22,louise72@example.com
17e9997f-5e8e-4771-9ae1-31437c432062,Marine Delmas,"8, boulevard Adrien Fontaine
60506 Sainte Lucas",Gilbert-sur-Da Silva,Région de l'Est,03 73 26 18 33,denise80@example.org
ec4fbd4f-7212-4146-952c-de392e1221ad,Auguste De Sousa,"308, boulevard de Faure
36491 Sainte LorraineVille",Costa,Région de l'Ouest,+33 5 53 11 70 33,maurice06@example.com
19dd4b43-9963-4d22-8cd7-b8a084acd225,Adrien Pasquier,"18, avenue Diane Chartier
76205 Leclerc",Saint Clémence,Région du Centre,0556171477,william78@example.net
85f5d4eb-76ca-4724-a08c-859b848c37ee,Gérard Leclerc,"870, rue Dupré
80357 Pineau-les-Bains",ReynaudVille,Région de l'Est,+33 5 62 58 99 28,maceandre@example.org
d658b2fd-574c-4d76-8250-ef50b7a976f8,Sabine Leblanc,"590, rue de Guillet
43155 Leleu-les-Bains",Saint Patrick,Région du Centre,01 43 31 13 43,claudineauger@example.com
6852d7d1-9dfe-445c-b14b-c0ccbf999fda,Guillaume Chevalier,"45, avenue Peron
96595 Sainte EmmanuelleBourg",Sainte Marine-sur-Mer,Région du Littoral,+33 (0)4 58 42 77 88,bmorvan@example.org
3a512629-5d34-48c2-bf02-a84daa448d6c,Benoît Rousseau du Langlois,"65, chemin de Schmitt
97687 Marion",Richard,Région de l'Est,+33 1 73 72 31 90,theodorepeltier@example.org
4a5e50e0-c3db-4908-8d83-5ac204aa00d2,Caroline-Hortense Leduc,"12, avenue de Charpentier
07447 Normanddan",Léger-sur-Carre,Région de l'Extrême-Nord,0362115192,robertguerin@example.com
d94a1adf-6e0e-4edf-af00-7f2998dfcc9e,Noémi Lévêque,"19, avenue Lucie Blin
98617 Lecomte-sur-Hardy",Laroche-les-Bains,Région du Centre,+33 (0)4 83 13 34 36,martine40@example.net
9b9c056e-f2c0-4a35-8ade-a26a87d7bf13,Denis de Prévost,"70, rue Albert
59161 Reynaud",Langloisdan,Région de l'Est,01 53 99 59 35,hoarautherese@example.com
9067cd68-d58a-4bd3-b41f-8408b9b378e8,Guillaume Allard,"37, avenue de Guilbert
91962 Vallet-la-Forêt",Sainte Christopheboeuf,Région de l'Ouest,+33 4 23 35 37 04,zmartineau@example.com
a371572c-e28e-41d4-adfc-3341336c82ba,Frédéric Pelletier,"78, avenue Carpentier
41888 Saint Renée-sur-Mer",Giraud-la-Forêt,Région de l'Extrême-Nord,+33 3 61 46 43 69,lucehoareau@example.org
8335dff8-4d14-4c8b-b7da-82301587d81e,Martin Delmas-Maillot,"9, rue Barthelemy
30404 Saint Denise",Barbe,Région du Centre,+33 4 94 64 34 69,joubertaimee@example.net
a5f36b7f-0c6b-4510-9924-78154d9fb3e5,Maryse Payet,"8, avenue Bernier
39797 LecomteBourg",Lopeznec,Région de l'Extrême-Nord,+33 (0)4 49 84 51 87,louise74@example.com
0892b6c5-8c7c-4691-a3b0-849b7a251e35,Anaïs Le Mendès,"5, rue de Rossi
37131 Olivier",Louis-sur-Texier,Région de l'Ouest,+33 (0)5 87 41 91 69,oceane88@example.com
46072446-0407-46d8-9fb0-f6e51c9a97b8,Benoît Lelièvre,"94, rue Victor Colin
86134 Fernandez-sur-Mer",RenardBourg,Région du Nord,+33 3 56 46 71 37,margaudtecher@example.com
5791a07b-5873-4737-a15a-5e90818f9574,Matthieu Berthelot,"8, avenue Aimé Blondel
83579 Pintodan",LarocheBourg,Région de l'Est,04 90 78 61 43,vletellier@example.com
ddc3b065-d85a-4c7e-930a-3dd898d60520,Guy Sanchez,"7, rue Schneider
67172 Saint Patriciadan",Renaud-la-Forêt,Région du Littoral,04 23 88 84 36,chretienmichele@example.org
991d756e-d64f-447e-99b2-c3fa01a92c23,Nathalie Faure,"20, boulevard de Millet
56487 Mercier",Saint Gabriel-la-Forêt,Région de l'Extrême-Nord,01 76 04 93 71,etiennethierry@example.org
ab2aad5a-d0e6-427d-884d-714b017e3f1f,Thomas Pinto de Blondel,"8, rue Aurore David
88065 David-sur-Vallet",Le Roux,Région de l'Extrême-Nord,+33 1 49 74 44 28,xmaury@example.net
3e01f6ed-4ac9-4178-91c6-8f9a5f9c0092,Alain du Benard,"chemin Vincent
17345 Perrin",Ramosdan,Région du Nord,05 55 30 73 55,jacquotauguste@example.com
11fcdb62-7691-40b8-aafe-ca68ec454b56,Jules Blin-Pruvost,"21, avenue Maury
27534 Saint Renéeboeuf",Mercier,Région du Littoral,+33 3 45 15 95 08,guillaumeveronique@example.org
e83dd763-f62e-48f5-9ddc-a0faa92aaf4a,Célina Marques,"995, avenue Coulon
01408 Foucher-sur-Mer",Delannoyboeuf,Région du Centre,+33 5 19 18 57 50,pierre15@example.org
13c93836-aa52-4a63-96dc-f40969c944af,Gilles Labbé,"90, boulevard Bruneau
82790 Sainte Noémidan",Gimenez,Région de l'Extrême-Nord,0450386141,bbruneau@example.com
97355e34-d740-4801-87ce-252d20be041a,Maryse Chevallier,"2, avenue de Hernandez
22604 Léger",Guillaume-sur-Lacombe,Région du Centre,0549804138,francoisvalentine@example.net
89376053-b5c4-44f0-bffd-8a4f2b2b3823,Christiane Deschamps-Dubois,"913, rue Auger
76895 Parent-sur-Gauthier",Sainte Raymond,Région de l'Ouest,+33 5 90 71 72 24,luce22@example.org
d2b52ab3-0862-4d1a-ab99-8222f8a42426,Alphonse Olivier,"rue de Gauthier
18738 Munoz",Sainte ÉlodieBourg,Région de l'Ouest,04 63 93 92 69,huguesgilbert@example.com
a8084067-5a83-48e1-a466-c2d5df66f6d5,Vincent Coste,"384, avenue Luc Coste
63522 Saint Hortense-sur-Mer",Saint Hugues-la-Forêt,Région du Nord,+33 (0)5 65 23 45 46,gerardremy@example.net
cd1b3d7a-c7ef-485d-82ff-de03862bd152,Gilbert Leclercq de la Albert,"928, rue Marie Seguin
91345 KleinBourg",Saint Michel,Région du Littoral,+33 4 66 16 56 19,noemi17@example.net
9cc76be5-15ce-41ec-bbab-1cf004c1654b,Odette Bouvet,"52, avenue Charles
23973 Traore",Peron-la-Forêt,Région de l'Adamaoua,0486695441,suzanne65@example.org
0454d21d-c7d0-454f-8314-b4992e6ab030,Aimé Ruiz-Legrand,"rue Anastasie Courtois
99716 Galletnec",Le Goff-la-Forêt,Région du Nord-Ouest,0564272890,pasquiersuzanne@example.net
83c66b34-033b-4466-8352-b594ba74bd1d,Marine Reynaud,"16, rue Olivie Langlois
88021 MailletVille",Saint Sabine-la-Forêt,Région du Nord,+33 4 88 70 47 18,thierryadrienne@example.com
97c21c1c-5fd8-4049-90d7-ec89d5fd3036,Marcelle Martinez,"624, boulevard Jean Boyer
71558 Saint Manondan",Lopez,Région de l'Extrême-Nord,+33 5 56 94 44 93,frederic13@example.com
0acea9d8-20dd-4560-8fca-f346b1e762c0,Clémence Langlois,"537, rue Émile Letellier
31923 Charles-sur-Mer",BouvetVille,Région de l'Est,+33 1 42 77 53 21,sboucher@example.com
9a0ae35a-3109-4cfe-a06a-ca1c0db15bfb,Michelle Klein,"472, rue Neveu
72548 Marques",FerreiraBourg,Région de l'Extrême-Nord,+33 (0)1 76 42 99 77,adele47@example.com
1c2d3f2c-7543-4b25-9cb7-1f838f6625ce,Timothée Foucher du Munoz,"61, boulevard Grenier
33569 Galletdan",Saint Alain-les-Bains,Région du Centre,0370084447,aschneider@example.net
394de6aa-ea97-4c42-9e43-0734989fdbca,Laurent Lecomte,"51, boulevard Giraud
16037 Jacquot",BergerVille,Région du Nord-Ouest,+33 4 99 02 62 38,otessier@example.net
a4331815-1b17-4d6a-abc3-7a2a677d7ccc,Marcelle-Renée Dumas,"75, boulevard de Julien
67246 Prévost",Faivre,Région du Nord,04 32 62 16 21,gerarderic@example.net
9b01c82f-b5a7-4cdf-a3d0-fdbc7aceb698,Sylvie Delaunay Le Reynaud,"61, rue Diaz
93493 Bertrand-sur-Fernandez",Courtois-sur-Bouvet,Région du Nord,+33 (0)5 56 60 07 36,lorraine39@example.com
42727794-9522-4c67-afcb-c276ee9755d4,Nath-Amélie Renaud,"147, rue de Besnard
71906 Sainte Cécile",Rodriguezdan,Région de l'Est,+33 4 20 11 33 57,poirierchristiane@example.com
524a1aef-89cd-4a18-b823-66d4e45d8fa5,Henri Millet,"1, rue Aubry
80193 Sainte Robert",Chrétien-les-Bains,Région du Centre,+33 (0)4 44 31 30 20,ericbrunet@example.org
17ac7198-7db7-4452-abaf-ed9f2709753f,Raymond-Sébastien Perrot,"81, rue Fontaine
71407 Jacquotboeuf",Sainte Laurenceboeuf,Région du Littoral,01 58 22 06 27,zperrot@example.org
2803f4d6-e6d8-4f07-b5cb-0426e1e085c4,Patricia Becker,"43, rue de Collet
94702 Bernard",Grégoire-sur-Roussel,Région du Centre,+33 3 90 79 33 24,devauxoceane@example.org
019f69a9-544e-4f3e-8361-c03c4180acf9,Étienne Masse,"78, chemin de Delmas
95660 Launay",Michel,Région du Centre,0469163183,lesagevalentine@example.org
5453f9a5-71a1-4de4-9b8c-8319af623d0a,Alix Bouchet,"36, chemin Hortense De Sousa
83142 Lagarde",Perret,Région de l'Est,04 98 61 56 11,mmartins@example.com
21aafce8-ed9e-48d2-8fe5-f64adfb774ea,Marcel Ramos,"boulevard Briand
95287 Fabre",Dupuis-sur-Louis,Région de l'Adamaoua,+33 4 75 21 40 58,vduhamel@example.net
